Genoma,Total_kmers,Real_HH,Phi,Threshold,Algoritmo,Precision,Recall,F1_Score,TP,FP,FN,TN,Memory_MB
GCA_006152045.1_ASM615204v1_genomic.fna,3998763,1041,2e-07,2,CountSketch,0.000260331,1,0.000520526,1041,3997722,0,0,57.2205
GCA_006152045.1_ASM615204v1_genomic.fna,3998763,1041,2e-07,2,TowerSketch,0.000260331,1,0.000520526,1041,3997722,0,0,67
GCA_018421455.1_ASM1842145v1_genomic.fna,3992916,5068,2e-07,2,CountSketch,0.00126925,1,0.00253528,5068,3987848,0,0,57.2205
GCA_018421455.1_ASM1842145v1_genomic.fna,3992916,5068,2e-07,2,TowerSketch,0.00126925,1,0.00253528,5068,3987848,0,0,67
GCA_020118255.1_ASM2011825v1_genomic.fna,3993685,3908,2e-07,2,CountSketch,0.000978545,1,0.00195518,3908,3989777,0,0,57.2205
GCA_020118255.1_ASM2011825v1_genomic.fna,3993685,3908,2e-07,2,TowerSketch,0.000978545,1,0.00195518,3908,3989777,0,0,67
GCA_021919605.1_PDT001092240.1_genomic.fna,3994010,3480,2e-07,2,CountSketch,0.000871305,1,0.00174109,3480,3990530,0,0,57.2205
GCA_021919605.1_PDT001092240.1_genomic.fna,3994010,3480,2e-07,2,TowerSketch,0.000871305,1,0.00174109,3480,3990530,0,0,67
GCA_021953145.1_PDT001020446.1_genomic.fna,3992940,4148,2e-07,2,CountSketch,0.00103883,1,0.00207551,4148,3988792,0,0,57.2205
GCA_021953145.1_PDT001020446.1_genomic.fna,3992940,4148,2e-07,2,TowerSketch,0.00103883,1,0.00207551,4148,3988792,0,0,67
GCA_021972575.1_PDT001013406.1_genomic.fna,3996409,2991,2e-07,2,CountSketch,0.000748422,1,0.00149572,2991,3993418,0,0,57.2205
GCA_021972575.1_PDT001013406.1_genomic.fna,3996409,2991,2e-07,2,TowerSketch,0.000748422,1,0.00149572,2991,3993418,0,0,67
GCA_022062785.1_PDT000876120.1_genomic.fna,3994851,3347,2e-07,2,CountSketch,0.000837828,1,0.00167425,3347,3991504,0,0,57.2205
GCA_022062785.1_PDT000876120.1_genomic.fna,3994851,3347,2e-07,2,TowerSketch,0.000837828,1,0.00167425,3347,3991504,0,0,67
GCA_023315275.2_PDT001299634.2_genomic.fna,3992969,4270,2e-07,2,CountSketch,0.00106938,1,0.00213647,4270,3988699,0,0,57.2205
GCA_023315275.2_PDT001299634.2_genomic.fna,3992969,4270,2e-07,2,TowerSketch,0.00106938,1,0.00213647,4270,3988699,0,0,67
GCA_024452925.1_PDT001370221.1_genomic.fna,3991221,5437,2e-07,2,CountSketch,0.00136224,1,0.00272077,5437,3985784,0,0,57.2205
GCA_024452925.1_PDT001370221.1_genomic.fna,3991221,5437,2e-07,2,TowerSketch,0.00136224,1,0.00272077,5437,3985784,0,0,67
GCA_024732165.1_PDT001378927.1_genomic.fna,3994408,4224,2e-07,2,CountSketch,0.00105748,1,0.00211272,4224,3990184,0,0,57.2205
GCA_024732165.1_PDT001378927.1_genomic.fna,3994408,4224,2e-07,2,TowerSketch,0.00105748,1,0.00211272,4224,3990184,0,0,67
GCA_026006075.1_ASM2600607v1_genomic.fna,3991320,5816,2e-07,2,CountSketch,0.00145716,1,0.00291008,5816,3985504,0,0,57.2205
GCA_026006075.1_ASM2600607v1_genomic.fna,3991320,5816,2e-07,2,TowerSketch,0.00145716,1,0.00291008,5816,3985504,0,0,67
GCA_026006095.1_ASM2600609v1_genomic.fna,3990041,5989,2e-07,2,CountSketch,0.00150099,1,0.00299747,5989,3984052,0,0,57.2205
GCA_026006095.1_ASM2600609v1_genomic.fna,3990041,5989,2e-07,2,TowerSketch,0.00150099,1,0.00299747,5989,3984052,0,0,67
GCA_026305215.1_PDT001493239.1_genomic.fna,3997320,2115,2e-07,2,CountSketch,0.000529105,1,0.00105765,2115,3995205,0,0,57.2205
GCA_026305215.1_PDT001493239.1_genomic.fna,3997320,2115,2e-07,2,TowerSketch,0.000529105,1,0.00105765,2115,3995205,0,0,67
GCA_031045075.2_PDT001744190.2_genomic.fna,3991455,4797,2e-07,2,CountSketch,0.00120182,1,0.00240075,4797,3986658,0,0,57.2205
GCA_031045075.2_PDT001744190.2_genomic.fna,3991455,4797,2e-07,2,TowerSketch,0.00120182,1,0.00240075,4797,3986658,0,0,67
GCA_032567175.1_ASM3256717v1_genomic.fna,3995635,3995635,2e-07,1,CountSketch,1,1,1,3995635,0,0,0,57.2205
GCA_032567175.1_ASM3256717v1_genomic.fna,3995635,3995635,2e-07,1,TowerSketch,1,1,1,3995635,0,0,0,67
GCA_033106465.1_PDT001960943.1_genomic.fna,3994615,4252,2e-07,2,CountSketch,0.00106443,1,0.0021266,4252,3990363,0,0,57.2205
GCA_033106465.1_PDT001960943.1_genomic.fna,3994615,4252,2e-07,2,TowerSketch,0.00106443,1,0.0021266,4252,3990363,0,0,67
GCA_037052065.1_ASM3705206v1_genomic.fna,3996293,3218,2e-07,2,CountSketch,0.000805246,1,0.0016092,3218,3993075,0,0,57.2205
GCA_037052065.1_ASM3705206v1_genomic.fna,3996293,3218,2e-07,2,TowerSketch,0.000805246,1,0.0016092,3218,3993075,0,0,67
GCA_037203645.1_ASM3720364v1_genomic.fna,3983446,10956,2e-07,2,CountSketch,0.00275038,1,0.00548568,10956,3972490,0,0,57.2205
GCA_037203645.1_ASM3720364v1_genomic.fna,3983446,10956,2e-07,2,TowerSketch,0.00275038,1,0.00548568,10956,3972490,0,0,67
GCA_043678295.1_ASM4367829v1_genomic.fna,3947449,20174,2e-07,2,CountSketch,0.00511064,1,0.0101693,20174,3927275,0,0,57.2205
GCA_043678295.1_ASM4367829v1_genomic.fna,3947449,20174,2e-07,2,TowerSketch,0.00511064,1,0.0101693,20174,3927275,0,0,67
GCA_043678335.1_ASM4367833v1_genomic.fna,3947561,20161,2e-07,2,CountSketch,0.0051072,1,0.0101625,20161,3927400,0,0,57.2205
GCA_043678335.1_ASM4367833v1_genomic.fna,3947561,20161,2e-07,2,TowerSketch,0.0051072,1,0.0101625,20161,3927400,0,0,67
GCA_043678355.1_ASM4367835v1_genomic.fna,3947389,20168,2e-07,2,CountSketch,0.0051092,1,0.0101665,20168,3927221,0,0,57.2205
GCA_043678355.1_ASM4367835v1_genomic.fna,3947389,20168,2e-07,2,TowerSketch,0.0051092,1,0.0101665,20168,3927221,0,0,67
GCA_043678375.1_ASM4367837v1_genomic.fna,3947469,20160,2e-07,2,CountSketch,0.00510707,1,0.0101622,20160,3927309,0,0,57.2205
GCA_043678375.1_ASM4367837v1_genomic.fna,3947469,20160,2e-07,2,TowerSketch,0.00510707,1,0.0101622,20160,3927309,0,0,67
GCA_043950085.1_ASM4395008v1_genomic.fna,3990172,3990172,2e-07,1,CountSketch,1,1,1,3990172,0,0,0,57.2205
GCA_043950085.1_ASM4395008v1_genomic.fna,3990172,3990172,2e-07,1,TowerSketch,1,1,1,3990172,0,0,0,67
GCA_943323015.2_HRS-ES2-bin-440_genomic.fna,2711277,2711277,2e-07,0,CountSketch,1,1,1,2711277,0,0,0,57.2205
GCA_943323015.2_HRS-ES2-bin-440_genomic.fna,2711277,2711277,2e-07,0,TowerSketch,1,1,1,2711277,0,0,0,67
GCA_943323415.2_HRS-ES4-bin-10_genomic.fna,2752323,2752323,2e-07,0,CountSketch,1,1,1,2752323,0,0,0,57.2205
GCA_943323415.2_HRS-ES4-bin-10_genomic.fna,2752323,2752323,2e-07,0,TowerSketch,1,1,1,2752323,0,0,0,67
GCA_943323865.2_HRS-ES8-bin-118_genomic.fna,2816902,2816902,2e-07,0,CountSketch,1,1,1,2816902,0,0,0,57.2205
GCA_943323865.2_HRS-ES8-bin-118_genomic.fna,2816902,2816902,2e-07,0,TowerSketch,1,1,1,2816902,0,0,0,67
GCA_943325355.2_HRSG-E10-bin-12_genomic.fna,3988522,3988522,2e-07,0,CountSketch,1,1,1,3988522,0,0,0,57.2205
GCA_943325355.2_HRSG-E10-bin-12_genomic.fna,3988522,3988522,2e-07,0,TowerSketch,1,1,1,3988522,0,0,0,67
GCA_943326675.2_HRSG-E12-bin-108_genomic.fna,3995865,3995865,2e-07,0,CountSketch,1,1,1,3995865,0,0,0,57.2205
GCA_943326675.2_HRSG-E12-bin-108_genomic.fna,3995865,3995865,2e-07,0,TowerSketch,1,1,1,3995865,0,0,0,67
GCA_943327095.2_HRSG-E11-bin-71_genomic.fna,3972833,3972833,2e-07,0,CountSketch,1,1,1,3972833,0,0,0,57.2205
GCA_943327095.2_HRSG-E11-bin-71_genomic.fna,3972833,3972833,2e-07,0,TowerSketch,1,1,1,3972833,0,0,0,67
GCA_943327695.2_HRS-HS3-bin-186_genomic.fna,3999057,3999057,2e-07,0,CountSketch,1,1,1,3999057,0,0,0,57.2205
GCA_943327695.2_HRS-HS3-bin-186_genomic.fna,3999057,3999057,2e-07,0,TowerSketch,1,1,1,3999057,0,0,0,67
GCA_943329525.2_HRS-HS6-bin-101_genomic.fna,2559780,2559780,2e-07,0,CountSketch,1,1,1,2559780,0,0,0,57.2205
GCA_943329525.2_HRS-HS6-bin-101_genomic.fna,2559780,2559780,2e-07,0,TowerSketch,1,1,1,2559780,0,0,0,67
GCA_943329805.2_HRSG-H13-bin-193_genomic.fna,3992766,3992766,2e-07,1,CountSketch,1,1,1,3992766,0,0,0,57.2205
GCA_943329805.2_HRSG-H13-bin-193_genomic.fna,3992766,3992766,2e-07,1,TowerSketch,1,1,1,3992766,0,0,0,67
GCA_943331045.1_HRSG-E2-bin-118_genomic.fna,3998088,3998088,2e-07,0,CountSketch,1,1,1,3998088,0,0,0,57.2205
GCA_943331045.1_HRSG-E2-bin-118_genomic.fna,3998088,3998088,2e-07,0,TowerSketch,1,1,1,3998088,0,0,0,67
GCA_943331235.2_HRSG-H12-bin-94_genomic.fna,3982232,3982232,2e-07,1,CountSketch,1,1,1,3982232,0,0,0,57.2205
GCA_943331235.2_HRSG-H12-bin-94_genomic.fna,3982232,3982232,2e-07,1,TowerSketch,1,1,1,3982232,0,0,0,67
GCA_943332185.1_HRS-HS9-bin-103_genomic.fna,3991780,3991780,2e-07,0,CountSketch,1,1,1,3991780,0,0,0,57.2205
GCA_943332185.1_HRS-HS9-bin-103_genomic.fna,3991780,3991780,2e-07,0,TowerSketch,1,1,1,3991780,0,0,0,67
GCA_943332625.1_HRS-HS9-bin-149_genomic.fna,3999198,3999198,2e-07,1,CountSketch,1,1,1,3999198,0,0,0,57.2205
GCA_943332625.1_HRS-HS9-bin-149_genomic.fna,3999198,3999198,2e-07,1,TowerSketch,1,1,1,3999198,0,0,0,67
GCA_943333245.1_HRSG-E1-bin-8_genomic.fna,2439694,2439694,2e-07,0,CountSketch,1,1,1,2439694,0,0,0,57.2205
GCA_943333245.1_HRSG-E1-bin-8_genomic.fna,2439694,2439694,2e-07,0,TowerSketch,1,1,1,2439694,0,0,0,67
GCA_943333305.2_HRSG-H6-bin-46_genomic.fna,3993718,3993718,2e-07,1,CountSketch,1,1,1,3993718,0,0,0,57.2205
GCA_943333305.2_HRSG-H6-bin-46_genomic.fna,3993718,3993718,2e-07,1,TowerSketch,1,1,1,3993718,0,0,0,67
GCA_943334125.2_HRSG-E6-bin-23_genomic.fna,3961479,3961479,2e-07,0,CountSketch,1,1,1,3961479,0,0,0,57.2205
GCA_943334125.2_HRSG-E6-bin-23_genomic.fna,3961479,3961479,2e-07,0,TowerSketch,1,1,1,3961479,0,0,0,67
GCA_943334475.2_HRSG-H3-bin-66_genomic.fna,3989504,3989504,2e-07,1,CountSketch,1,1,1,3989504,0,0,0,57.2205
GCA_943334475.2_HRSG-H3-bin-66_genomic.fna,3989504,3989504,2e-07,1,TowerSketch,1,1,1,3989504,0,0,0,67
GCA_943334715.2_HRSG-H6-bin-64_genomic.fna,3998208,3998208,2e-07,1,CountSketch,1,1,1,3998208,0,0,0,57.2205
GCA_943334715.2_HRSG-H6-bin-64_genomic.fna,3998208,3998208,2e-07,1,TowerSketch,1,1,1,3998208,0,0,0,67
GCA_943334795.2_HRSG-H6-bin-28_genomic.fna,3478739,3478739,2e-07,0,CountSketch,1,1,1,3478739,0,0,0,57.2205
GCA_943334795.2_HRSG-H6-bin-28_genomic.fna,3478739,3478739,2e-07,0,TowerSketch,1,1,1,3478739,0,0,0,67
GCA_945860935.1_GE-03apr19-182_genomic.fna,3995295,3995295,2e-07,1,CountSketch,1,1,1,3995295,0,0,0,57.2205
GCA_945860935.1_GE-03apr19-182_genomic.fna,3995295,3995295,2e-07,1,TowerSketch,1,1,1,3995295,0,0,0,67
GCA_945867275.1_TH-11nov19-195_genomic.fna,3993737,3993737,2e-07,1,CountSketch,1,1,1,3993737,0,0,0,57.2205
GCA_945867275.1_TH-11nov19-195_genomic.fna,3993737,3993737,2e-07,1,TowerSketch,1,1,1,3993737,0,0,0,67
GCA_945870865.1_TrH-03may19-115_genomic.fna,3993195,3993195,2e-07,0,CountSketch,1,1,1,3993195,0,0,0,57.2205
GCA_945870865.1_TrH-03may19-115_genomic.fna,3993195,3993195,2e-07,0,TowerSketch,1,1,1,3993195,0,0,0,67
GCA_945870955.1_MoE-23oct19-325_genomic.fna,3997374,3997374,2e-07,1,CountSketch,1,1,1,3997374,0,0,0,57.2205
GCA_945870955.1_MoE-23oct19-325_genomic.fna,3997374,3997374,2e-07,1,TowerSketch,1,1,1,3997374,0,0,0,67
GCA_945872895.1_MaE-04nov19-161_genomic.fna,3981858,3981858,2e-07,0,CountSketch,1,1,1,3981858,0,0,0,57.2205
GCA_945872895.1_MaE-04nov19-161_genomic.fna,3981858,3981858,2e-07,0,TowerSketch,1,1,1,3981858,0,0,0,67
GCA_945874295.1_AH-24oct19-10_genomic.fna,3657980,3657980,2e-07,0,CountSketch,1,1,1,3657980,0,0,0,57.2205
GCA_945874295.1_AH-24oct19-10_genomic.fna,3657980,3657980,2e-07,0,TowerSketch,1,1,1,3657980,0,0,0,67
GCA_945877175.1_ZE-13nov19-95_genomic.fna,3994150,3994150,2e-07,1,CountSketch,1,1,1,3994150,0,0,0,57.2205
GCA_945877175.1_ZE-13nov19-95_genomic.fna,3994150,3994150,2e-07,1,TowerSketch,1,1,1,3994150,0,0,0,67
GCA_945902215.1_MoH-23oct19-118_genomic.fna,3992460,3992460,2e-07,1,CountSketch,1,1,1,3992460,0,0,0,57.2205
GCA_945902215.1_MoH-23oct19-118_genomic.fna,3992460,3992460,2e-07,1,TowerSketch,1,1,1,3992460,0,0,0,67
